{
	"format_version": "1.12.0",
	"minecraft:geometry": [
		{
			"description": {
				"identifier": "geometry.GunSmith_bench - Converted",
				"texture_width": 128,
				"texture_height": 128,
				"visible_bounds_width": 3,
				"visible_bounds_height": 3.5,
				"visible_bounds_offset": [0, 1.25, 0]
			},
			"bones": [
				{
					"name": "bench",
					"pivot": [0, 0, 0]
				},
				{
					"name": "bone",
					"parent": "bench",
					"pivot": [8, 0, -8],
					"cubes": [
						{
							"origin": [21, 1, 3],
							"size": [2, 4, 3],
							"uv": {
								"north": {"uv": [43, 86], "uv_size": [2, 4]},
								"east": {"uv": [52, 80], "uv_size": [3, 4]},
								"south": {"uv": [24, 87], "uv_size": [2, 4]},
								"west": {"uv": [25, 82], "uv_size": [3, 4]},
								"up": {"uv": [71, 91], "uv_size": [2, 3]}
							}
						},
						{
							"origin": [5, 1, -1],
							"size": [12, 9, 8],
							"uv": {
								"north": {"uv": [0, 60], "uv_size": [12, 9]},
								"east": {"uv": [66, 23], "uv_size": [8, 9]},
								"west": {"uv": [66, 33], "uv_size": [8, 9]},
								"up": {"uv": [66, 14], "uv_size": [12, 8]}
							}
						},
						{
							"origin": [3, 15.01563, -5],
							"size": [12, 0.01, 9],
							"pivot": [9, 15.01613, -0.5],
							"rotation": [0, 22.5, 0],
							"uv": {
								"north": {"uv": [79, 22], "uv_size": [12, 0]},
								"east": {"uv": [82, 71], "uv_size": [9, 0]},
								"south": {"uv": [101, 22], "uv_size": [12, 0]},
								"west": {"uv": [102, 87], "uv_size": [9, 0]},
								"up": {"uv": [13, 60], "uv_size": [12, 9]},
								"down": {"uv": [66, 9], "uv_size": [12, -9]}
							}
						}
					]
				},
				{
					"name": "bench_body",
					"parent": "bench",
					"pivot": [8, 0, -8]
				},
				{
					"name": "desk",
					"parent": "bench_body",
					"pivot": [0, 8, 0],
					"cubes": [
						{
							"origin": [-8, 14, -8],
							"size": [32, 1, 15],
							"uv": {
								"north": {"uv": [75, 27], "uv_size": [32, 1]},
								"east": {"uv": [75, 41], "uv_size": [15, 1]},
								"west": {"uv": [79, 4], "uv_size": [15, 1]},
								"up": {"uv": [33, 0], "uv_size": [32, 15]},
								"down": {"uv": [33, 31], "uv_size": [32, -15]}
							}
						},
						{
							"origin": [-8, 11, -7],
							"size": [32, 3, 14],
							"uv": {
								"north": {"uv": [66, 10], "uv_size": [32, 3]},
								"east": {"uv": [65, 72], "uv_size": [14, 3]},
								"west": {"uv": [23, 74], "uv_size": [14, 3]},
								"down": {"uv": [33, 46], "uv_size": [32, -14]}
							}
						},
						{
							"origin": [-8, 0, -2],
							"size": [32, 1, 10],
							"uv": {
								"north": {"uv": [75, 23], "uv_size": [32, 1]},
								"east": {"uv": [83, 39], "uv_size": [10, 1]},
								"south": {"uv": [75, 25], "uv_size": [32, 1]},
								"west": {"uv": [85, 14], "uv_size": [10, 1]},
								"up": {"uv": [33, 47], "uv_size": [32, 10]},
								"down": {"uv": [33, 68], "uv_size": [32, -10]}
							}
						},
						{
							"origin": [23, 0, -7],
							"size": [1, 11, 2],
							"uv": {
								"north": {"uv": [81, 84], "uv_size": [1, 11]},
								"east": {"uv": [71, 76], "uv_size": [2, 11]},
								"south": {"uv": [83, 84], "uv_size": [1, 11]},
								"west": {"uv": [74, 76], "uv_size": [2, 11]},
								"down": {"uv": [101, 53], "uv_size": [1, -2]}
							}
						},
						{
							"origin": [-8, 0, -7],
							"size": [1, 11, 2],
							"uv": {
								"north": {"uv": [62, 79], "uv_size": [1, 11]},
								"east": {"uv": [65, 76], "uv_size": [2, 11]},
								"south": {"uv": [29, 82], "uv_size": [1, 11]},
								"west": {"uv": [68, 76], "uv_size": [2, 11]},
								"down": {"uv": [51, 103], "uv_size": [1, -2]}
							}
						}
					]
				},
				{
					"name": "wall",
					"parent": "bench_body",
					"pivot": [8, 0, -8],
					"cubes": [
						{
							"origin": [-8, 1, 7],
							"size": [32, 29, 1],
							"uv": {
								"north": {"uv": [0, 0], "uv_size": [32, 29]},
								"east": {"uv": [56, 74], "uv_size": [1, 29]},
								"south": {"uv": [0, 30], "uv_size": [32, 29]},
								"west": {"uv": [10, 75], "uv_size": [1, 29]}
							}
						},
						{
							"origin": [-8, 30, 6],
							"size": [32, 2, 2],
							"uv": {
								"north": {"uv": [66, 43], "uv_size": [32, 2]},
								"east": {"uv": [38, 95], "uv_size": [2, 2]},
								"south": {"uv": [66, 46], "uv_size": [32, 2]},
								"west": {"uv": [41, 95], "uv_size": [2, 2]},
								"up": {"uv": [66, 49], "uv_size": [32, 2]},
								"down": {"uv": [66, 54], "uv_size": [32, -2]}
							}
						}
					]
				},
				{
					"name": "light",
					"parent": "bench_body",
					"pivot": [8, 0, -8],
					"cubes": [
						{
							"origin": [22, 30, 2],
							"size": [2, 2, 4],
							"uv": {
								"north": {"uv": [97, 0], "uv_size": [2, 2]},
								"east": {"uv": [0, 89], "uv_size": [4, 2]},
								"west": {"uv": [5, 89], "uv_size": [4, 2]},
								"up": {"uv": [74, 88], "uv_size": [2, 4]},
								"down": {"uv": [12, 93], "uv_size": [2, -4]}
							}
						},
						{
							"origin": [-8, 30, 2],
							"size": [2, 2, 4],
							"uv": {
								"north": {"uv": [97, 36], "uv_size": [2, 2]},
								"east": {"uv": [15, 89], "uv_size": [4, 2]},
								"west": {"uv": [38, 89], "uv_size": [4, 2]},
								"up": {"uv": [31, 89], "uv_size": [2, 4]},
								"down": {"uv": [46, 93], "uv_size": [2, -4]}
							}
						},
						{
							"origin": [-8, 29.7, 0.5],
							"size": [32, 2, 2],
							"inflate": 0.01,
							"pivot": [8, 30.7, 1.5],
							"rotation": [22.5, 0, 0],
							"uv": {
								"north": {"uv": [66, 55], "uv_size": [32, 2]},
								"east": {"uv": [70, 95], "uv_size": [2, 2]},
								"south": {"uv": [66, 58], "uv_size": [32, 2]},
								"west": {"uv": [95, 71], "uv_size": [2, 2]},
								"up": {"uv": [66, 61], "uv_size": [32, 2]},
								"down": {"uv": [66, 66], "uv_size": [32, -2]}
							}
						}
					]
				},
				{
					"name": "shelf2",
					"parent": "bench",
					"pivot": [8, 0, -8],
					"cubes": [
						{
							"origin": [9, 20, 3],
							"size": [15, 1, 4],
							"uv": {
								"north": {"uv": [79, 6], "uv_size": [15, 1]},
								"east": {"uv": [95, 32], "uv_size": [4, 1]},
								"west": {"uv": [33, 95], "uv_size": [4, 1]},
								"up": {"uv": [66, 67], "uv_size": [15, 4]},
								"down": {"uv": [26, 73], "uv_size": [15, -4]}
							}
						}
					]
				},
				{
					"name": "cans",
					"parent": "shelf2",
					"pivot": [21, 26, 3],
					"cubes": [
						{
							"origin": [10, 21, 4],
							"size": [3, 5, 3],
							"uv": {
								"north": {"uv": [35, 80], "uv_size": [3, 5]},
								"east": {"uv": [39, 80], "uv_size": [3, 5]},
								"west": {"uv": [43, 80], "uv_size": [3, 5]},
								"up": {"uv": [31, 85], "uv_size": [3, 3]}
							}
						},
						{
							"origin": [15, 21, 4],
							"size": [2, 3, 2],
							"uv": {
								"north": {"uv": [61, 94], "uv_size": [2, 3]},
								"east": {"uv": [64, 94], "uv_size": [2, 3]},
								"south": {"uv": [67, 94], "uv_size": [2, 3]},
								"up": {"uv": [93, 97], "uv_size": [2, 2]}
							}
						},
						{
							"origin": [17, 21, 4],
							"size": [2, 4, 2],
							"uv": {
								"north": {"uv": [58, 89], "uv_size": [2, 4]},
								"east": {"uv": [77, 89], "uv_size": [2, 4]},
								"south": {"uv": [90, 84], "uv_size": [2, 4]},
								"west": {"uv": [85, 90], "uv_size": [2, 4]},
								"up": {"uv": [90, 97], "uv_size": [2, 2]}
							}
						},
						{
							"origin": [16.5, 25, 4.5],
							"size": [2, 1, 1],
							"uv": {
								"north": {"uv": [86, 102], "uv_size": [2, 1]},
								"east": {"uv": [103, 51], "uv_size": [1, 1]},
								"south": {"uv": [89, 102], "uv_size": [2, 1]},
								"west": {"uv": [103, 53], "uv_size": [1, 1]},
								"up": {"uv": [2, 103], "uv_size": [2, 1]},
								"down": {"uv": [103, 9], "uv_size": [2, -1]}
							}
						},
						{
							"origin": [19, 21, 3],
							"size": [2, 4, 3],
							"pivot": [21, 23, 3],
							"rotation": [0, 45, 0],
							"uv": {
								"north": {"uv": [49, 89], "uv_size": [2, 4]},
								"east": {"uv": [84, 34], "uv_size": [3, 4]},
								"south": {"uv": [52, 89], "uv_size": [2, 4]},
								"west": {"uv": [47, 84], "uv_size": [3, 4]},
								"up": {"uv": [53, 94], "uv_size": [2, 3]},
								"down": {"uv": [58, 97], "uv_size": [2, -3]}
							}
						}
					]
				},
				{
					"name": "shelf1",
					"parent": "bench",
					"pivot": [8, 0, -8],
					"cubes": [
						{
							"origin": [-8, 25, 3],
							"size": [1, 1, 4],
							"uv": {
								"north": {"uv": [103, 47], "uv_size": [1, 1]},
								"east": {"uv": [97, 67], "uv_size": [4, 1]},
								"west": {"uv": [97, 69], "uv_size": [4, 1]},
								"down": {"uv": [76, 101], "uv_size": [1, -4]}
							}
						},
						{
							"origin": [6, 25, 3],
							"size": [1, 1, 4],
							"uv": {
								"north": {"uv": [103, 71], "uv_size": [1, 1]},
								"east": {"uv": [98, 71], "uv_size": [4, 1]},
								"west": {"uv": [78, 98], "uv_size": [4, 1]},
								"down": {"uv": [27, 102], "uv_size": [1, -4]}
							}
						},
						{
							"origin": [23, 19, 3],
							"size": [1, 1, 4],
							"uv": {
								"north": {"uv": [103, 94], "uv_size": [1, 1]},
								"east": {"uv": [2, 99], "uv_size": [4, 1]},
								"west": {"uv": [99, 6], "uv_size": [4, 1]},
								"down": {"uv": [7, 103], "uv_size": [1, -4]}
							}
						},
						{
							"origin": [9, 19, 3],
							"size": [1, 1, 4],
							"uv": {
								"north": {"uv": [103, 77], "uv_size": [1, 1]},
								"east": {"uv": [83, 98], "uv_size": [4, 1]},
								"west": {"uv": [98, 94], "uv_size": [4, 1]},
								"down": {"uv": [0, 103], "uv_size": [1, -4]}
							}
						},
						{
							"origin": [-8, 26, 3],
							"size": [15, 1, 4],
							"uv": {
								"north": {"uv": [79, 8], "uv_size": [15, 1]},
								"east": {"uv": [97, 82], "uv_size": [4, 1]},
								"west": {"uv": [97, 84], "uv_size": [4, 1]},
								"up": {"uv": [42, 69], "uv_size": [15, 4]},
								"down": {"uv": [0, 74], "uv_size": [15, -4]}
							}
						}
					]
				},
				{
					"name": "boxes",
					"parent": "shelf1",
					"pivot": [-24, -1, -8],
					"cubes": [
						{
							"origin": [-8, 27, 4],
							"size": [4, 2, 2],
							"uv": {
								"north": {"uv": [92, 0], "uv_size": [4, 2]},
								"east": {"uv": [98, 3], "uv_size": [2, 2]},
								"south": {"uv": [5, 92], "uv_size": [4, 2]},
								"west": {"uv": [12, 98], "uv_size": [2, 2]},
								"up": {"uv": [15, 92], "uv_size": [4, 2]}
							}
						},
						{
							"origin": [-3, 27, 4],
							"size": [2, 1, 3],
							"pivot": [-1, 27, 5],
							"rotation": [0, -22.5, 0],
							"uv": {
								"north": {"uv": [101, 80], "uv_size": [2, 1]},
								"east": {"uv": [86, 100], "uv_size": [3, 1]},
								"south": {"uv": [100, 101], "uv_size": [2, 1]},
								"west": {"uv": [100, 88], "uv_size": [3, 1]},
								"up": {"uv": [0, 95], "uv_size": [2, 3]},
								"down": {"uv": [3, 98], "uv_size": [2, -3]}
							}
						},
						{
							"origin": [-3, 28, 4],
							"size": [2, 1, 3],
							"uv": {
								"north": {"uv": [102, 29], "uv_size": [2, 1]},
								"east": {"uv": [90, 100], "uv_size": [3, 1]},
								"west": {"uv": [100, 90], "uv_size": [3, 1]},
								"up": {"uv": [95, 3], "uv_size": [2, 3]},
								"down": {"uv": [6, 98], "uv_size": [2, -3]}
							}
						}
					]
				},
				{
					"name": "Drill",
					"parent": "bench",
					"pivot": [8, 0, -8],
					"cubes": [
						{
							"origin": [11.42806, 16, 1.87536],
							"size": [4, 1, 1],
							"pivot": [13.42806, 16.5, 2.37536],
							"rotation": [45, -22.5, 0],
							"uv": {
								"north": {"uv": [95, 34], "uv_size": [4, 1]},
								"east": {"uv": [92, 102], "uv_size": [1, 1]},
								"south": {"uv": [95, 74], "uv_size": [4, 1]},
								"west": {"uv": [5, 103], "uv_size": [1, 1]},
								"up": {"uv": [95, 76], "uv_size": [4, 1]},
								"down": {"uv": [95, 89], "uv_size": [4, -1]}
							}
						},
						{
							"origin": [12.39, 15.5, 1.5667],
							"size": [3, 2, 2],
							"pivot": [13.89, 16.5, 2.5667],
							"rotation": [0, -22.5, 0],
							"uv": {
								"north": {"uv": [95, 7], "uv_size": [3, 2]},
								"east": {"uv": [52, 98], "uv_size": [2, 2]},
								"south": {"uv": [95, 20], "uv_size": [3, 2]},
								"up": {"uv": [24, 95], "uv_size": [3, 2]},
								"down": {"uv": [95, 31], "uv_size": [3, -2]}
							}
						},
						{
							"origin": [14, 15, 2],
							"size": [7, 3, 3],
							"pivot": [16, 16, 4],
							"rotation": [0, -22.5, 0],
							"uv": {
								"north": {"uv": [75, 37], "uv_size": [7, 3]},
								"east": {"uv": [0, 85], "uv_size": [3, 3]},
								"south": {"uv": [77, 76], "uv_size": [7, 3]},
								"west": {"uv": [4, 85], "uv_size": [3, 3]},
								"up": {"uv": [23, 78], "uv_size": [7, 3]},
								"down": {"uv": [79, 3], "uv_size": [7, -3]}
							}
						},
						{
							"origin": [19, 15.5, 0],
							"size": [2, 2, 4],
							"pivot": [20, 16.5, 2],
							"rotation": [0, -45, 0],
							"uv": {
								"east": {"uv": [85, 84], "uv_size": [4, 2]},
								"west": {"uv": [16, 86], "uv_size": [4, 2]},
								"up": {"uv": [21, 86], "uv_size": [2, 4]},
								"down": {"uv": [35, 90], "uv_size": [2, -4]}
							}
						},
						{
							"origin": [19.41421, 15, -1.41421],
							"size": [4, 3, 2],
							"pivot": [21, 16, 0],
							"rotation": [0, -45, 0],
							"uv": {
								"north": {"uv": [47, 80], "uv_size": [4, 3]},
								"east": {"uv": [23, 70], "uv_size": [2, 3]},
								"south": {"uv": [20, 82], "uv_size": [4, 3]},
								"west": {"uv": [43, 91], "uv_size": [2, 3]},
								"up": {"uv": [38, 86], "uv_size": [4, 2]},
								"down": {"uv": [87, 2], "uv_size": [4, -2]}
							}
						}
					]
				},
				{
					"name": "ammobox2",
					"parent": "bench",
					"pivot": [11, -13, -3],
					"cubes": [
						{
							"origin": [-5, 1, -3],
							"size": [5, 3, 8],
							"uv": {
								"north": {"uv": [79, 14], "uv_size": [5, 3]},
								"east": {"uv": [75, 29], "uv_size": [8, 3]},
								"south": {"uv": [79, 18], "uv_size": [5, 3]},
								"west": {"uv": [75, 33], "uv_size": [8, 3]},
								"down": {"uv": [26, 68], "uv_size": [5, -8]}
							}
						},
						{
							"origin": [-4, 5, -2],
							"size": [3, 1, 6],
							"uv": {
								"up": {"uv": [31, 78], "uv_size": [3, 6]}
							}
						},
						{
							"origin": [-5, 5, -2],
							"size": [1, 1, 6],
							"pivot": [-4, 6, 1],
							"rotation": [0, 0, -22.5],
							"uv": {
								"north": {"uv": [103, 41], "uv_size": [1, 1]},
								"east": {"uv": [94, 39], "uv_size": [6, 1]},
								"south": {"uv": [43, 103], "uv_size": [1, 1]},
								"up": {"uv": [29, 94], "uv_size": [1, 6]}
							}
						},
						{
							"origin": [-1, 5, -2],
							"size": [1, 1, 6],
							"pivot": [-1, 6, 1],
							"rotation": [0, 0, 22.5],
							"uv": {
								"north": {"uv": [45, 103], "uv_size": [1, 1]},
								"south": {"uv": [47, 103], "uv_size": [1, 1]},
								"west": {"uv": [46, 94], "uv_size": [6, 1]},
								"up": {"uv": [31, 94], "uv_size": [1, 6]}
							}
						},
						{
							"origin": [-4, 5, -3],
							"size": [3, 1, 1],
							"pivot": [-2.5, 6, -2],
							"rotation": [22.5, 0, 0],
							"uv": {
								"north": {"uv": [100, 0], "uv_size": [3, 1]},
								"east": {"uv": [31, 103], "uv_size": [1, 1]},
								"west": {"uv": [37, 103], "uv_size": [1, 1]},
								"up": {"uv": [100, 37], "uv_size": [3, 1]}
							}
						},
						{
							"origin": [-4, 5, 4],
							"size": [3, 1, 1],
							"pivot": [-2.5, 6, 4],
							"rotation": [-22.5, 0, 0],
							"uv": {
								"east": {"uv": [39, 103], "uv_size": [1, 1]},
								"south": {"uv": [100, 73], "uv_size": [3, 1]},
								"west": {"uv": [41, 103], "uv_size": [1, 1]},
								"up": {"uv": [100, 75], "uv_size": [3, 1]}
							}
						},
						{
							"origin": [-5.5, 4, -3.5],
							"size": [6, 1, 9],
							"uv": {
								"north": {"uv": [85, 78], "uv_size": [6, 1]},
								"east": {"uv": [85, 16], "uv_size": [9, 1]},
								"south": {"uv": [91, 41], "uv_size": [6, 1]},
								"west": {"uv": [85, 18], "uv_size": [9, 1]},
								"up": {"uv": [58, 69], "uv_size": [6, 9]},
								"down": {"uv": [16, 79], "uv_size": [6, -9]}
							}
						}
					]
				},
				{
					"name": "ammobox1",
					"parent": "bench",
					"pivot": [11, -13, -3],
					"cubes": [
						{
							"origin": [1, 1, -3],
							"size": [3, 5, 8],
							"uv": {
								"north": {"uv": [58, 79], "uv_size": [3, 5]},
								"east": {"uv": [38, 74], "uv_size": [8, 5]},
								"south": {"uv": [16, 80], "uv_size": [3, 5]},
								"west": {"uv": [47, 74], "uv_size": [8, 5]},
								"down": {"uv": [12, 83], "uv_size": [3, -8]}
							}
						},
						{
							"origin": [2, 7, -2],
							"size": [1, 1, 6],
							"uv": {
								"north": {"uv": [103, 10], "uv_size": [1, 1]},
								"east": {"uv": [92, 78], "uv_size": [6, 1]},
								"south": {"uv": [103, 12], "uv_size": [1, 1]},
								"west": {"uv": [92, 80], "uv_size": [6, 1]},
								"up": {"uv": [93, 29], "uv_size": [1, 6]}
							}
						},
						{
							"origin": [0.5, 6, -3.5],
							"size": [4, 1, 9],
							"uv": {
								"north": {"uv": [44, 96], "uv_size": [4, 1]},
								"east": {"uv": [85, 20], "uv_size": [9, 1]},
								"south": {"uv": [80, 96], "uv_size": [4, 1]},
								"west": {"uv": [85, 76], "uv_size": [9, 1]},
								"up": {"uv": [0, 75], "uv_size": [4, 9]},
								"down": {"uv": [5, 84], "uv_size": [4, -9]}
							}
						}
					]
				},
				{
					"name": "components3",
					"parent": "bench",
					"pivot": [17, 2, -1],
					"cubes": [
						{
							"origin": [-7, 15, 3],
							"size": [3, 1, 4],
							"uv": {
								"north": {"uv": [99, 8], "uv_size": [3, 1]},
								"east": {"uv": [95, 90], "uv_size": [4, 1]},
								"west": {"uv": [95, 92], "uv_size": [4, 1]},
								"up": {"uv": [12, 84], "uv_size": [3, 4]}
							}
						},
						{
							"origin": [-7, 16, 6],
							"size": [3, 2, 1],
							"uv": {
								"north": {"uv": [25, 92], "uv_size": [3, 2]},
								"east": {"uv": [53, 101], "uv_size": [1, 2]},
								"west": {"uv": [101, 54], "uv_size": [1, 2]},
								"up": {"uv": [99, 10], "uv_size": [3, 1]}
							}
						},
						{
							"origin": [-7, 15.5, 3],
							"size": [0, 2, 3.5],
							"inflate": 0.01,
							"pivot": [-5, 16.5, 5.5],
							"rotation": [22.5, 0, 0],
							"uv": {
								"east": {"uv": [20, 92], "uv_size": [4, 2]},
								"west": {"uv": [34, 92], "uv_size": [4, 2]}
							}
						},
						{
							"origin": [-4, 15.5, 3],
							"size": [0, 2, 3.5],
							"inflate": 0.01,
							"pivot": [-2, 16.5, 5.5],
							"rotation": [22.5, 0, 0],
							"uv": {
								"east": {"uv": [85, 87], "uv_size": [4, 2]},
								"west": {"uv": [88, 29], "uv_size": [4, 2]}
							}
						}
					]
				},
				{
					"name": "components2",
					"parent": "bench",
					"pivot": [17, 2, -1],
					"cubes": [
						{
							"origin": [-3.5, 15, 3],
							"size": [3, 1, 4],
							"uv": {
								"north": {"uv": [99, 12], "uv_size": [3, 1]},
								"east": {"uv": [93, 95], "uv_size": [4, 1]},
								"west": {"uv": [96, 14], "uv_size": [4, 1]},
								"up": {"uv": [84, 29], "uv_size": [3, 4]}
							}
						},
						{
							"origin": [-3.5, 16, 6],
							"size": [3, 2, 1],
							"uv": {
								"north": {"uv": [39, 92], "uv_size": [3, 2]},
								"east": {"uv": [101, 57], "uv_size": [1, 2]},
								"west": {"uv": [101, 60], "uv_size": [1, 2]},
								"up": {"uv": [15, 99], "uv_size": [3, 1]}
							}
						},
						{
							"origin": [-3.5, 15.5, 3],
							"size": [0, 2, 3.5],
							"inflate": 0.01,
							"pivot": [-1.5, 16.5, 5.5],
							"rotation": [22.5, 0, 0],
							"uv": {
								"east": {"uv": [88, 32], "uv_size": [4, 2]},
								"west": {"uv": [88, 35], "uv_size": [4, 2]}
							}
						},
						{
							"origin": [-0.5, 15.5, 3],
							"size": [0, 2, 3.5],
							"inflate": 0.01,
							"pivot": [1.5, 16.5, 5.5],
							"rotation": [22.5, 0, 0],
							"uv": {
								"east": {"uv": [64, 88], "uv_size": [4, 2]},
								"west": {"uv": [69, 88], "uv_size": [4, 2]}
							}
						}
					]
				},
				{
					"name": "components",
					"parent": "bench",
					"pivot": [17, 2, -1],
					"cubes": [
						{
							"origin": [-0.25, 15, 3],
							"size": [3, 1, 4],
							"uv": {
								"north": {"uv": [78, 100], "uv_size": [3, 1]},
								"east": {"uv": [97, 86], "uv_size": [4, 1]},
								"west": {"uv": [96, 97], "uv_size": [4, 1]},
								"up": {"uv": [77, 84], "uv_size": [3, 4]}
							}
						},
						{
							"origin": [-0.25, 16, 6],
							"size": [3, 2, 1],
							"uv": {
								"north": {"uv": [76, 94], "uv_size": [3, 2]},
								"east": {"uv": [101, 77], "uv_size": [1, 2]},
								"west": {"uv": [101, 96], "uv_size": [1, 2]},
								"up": {"uv": [82, 100], "uv_size": [3, 1]}
							}
						},
						{
							"origin": [-0.25, 15.5, 3],
							"size": [0, 2, 3.5],
							"inflate": 0.01,
							"pivot": [1.75, 16.5, 5.5],
							"rotation": [22.5, 0, 0],
							"uv": {
								"east": {"uv": [88, 90], "uv_size": [4, 2]},
								"west": {"uv": [61, 91], "uv_size": [4, 2]}
							}
						},
						{
							"origin": [2.75, 15.5, 3],
							"size": [0, 2, 3.5],
							"inflate": 0.01,
							"pivot": [4.75, 16.5, 5.5],
							"rotation": [22.5, 0, 0],
							"uv": {
								"east": {"uv": [66, 91], "uv_size": [4, 2]},
								"west": {"uv": [0, 92], "uv_size": [4, 2]}
							}
						}
					]
				},
				{
					"name": "tools",
					"parent": "bench",
					"pivot": [32, 11, -8],
					"cubes": [
						{
							"origin": [2.5, 23.75, 5.75],
							"size": [3, 1.5, 1.5],
							"pivot": [4, 24.5, 6.5],
							"rotation": [-45, 0, 0],
							"uv": {
								"north": {"uv": [93, 36], "uv_size": [3, 2]},
								"east": {"uv": [85, 95], "uv_size": [2, 2]},
								"west": {"uv": [49, 96], "uv_size": [2, 2]},
								"up": {"uv": [93, 82], "uv_size": [3, 2]},
								"down": {"uv": [93, 87], "uv_size": [3, -2]}
							}
						},
						{
							"origin": [-5, 22.5, 6],
							"size": [1, 3, 1],
							"inflate": 0.01,
							"uv": {
								"north": {"uv": [8, 85], "uv_size": [1, 3]},
								"east": {"uv": [19, 99], "uv_size": [1, 3]},
								"west": {"uv": [99, 19], "uv_size": [1, 3]},
								"up": {"uv": [103, 16], "uv_size": [1, 1]}
							}
						},
						{
							"origin": [-6, 18.5, 6],
							"size": [1, 3, 1],
							"uv": {
								"north": {"uv": [99, 78], "uv_size": [1, 3]},
								"east": {"uv": [96, 99], "uv_size": [1, 3]},
								"west": {"uv": [98, 99], "uv_size": [1, 3]},
								"up": {"uv": [18, 103], "uv_size": [1, 1]},
								"down": {"uv": [103, 19], "uv_size": [1, -1]}
							}
						},
						{
							"origin": [-4, 18.5, 6],
							"size": [1, 3, 1],
							"uv": {
								"north": {"uv": [100, 29], "uv_size": [1, 3]},
								"east": {"uv": [100, 33], "uv_size": [1, 3]},
								"west": {"uv": [58, 100], "uv_size": [1, 3]},
								"up": {"uv": [20, 103], "uv_size": [1, 1]},
								"down": {"uv": [103, 21], "uv_size": [1, -1]}
							}
						},
						{
							"origin": [-2.75, 22.5, 6],
							"size": [2, 3, 1],
							"uv": {
								"north": {"uv": [90, 93], "uv_size": [2, 3]},
								"east": {"uv": [60, 100], "uv_size": [1, 3]},
								"west": {"uv": [62, 100], "uv_size": [1, 3]},
								"up": {"uv": [35, 78], "uv_size": [2, 1]},
								"down": {"uv": [20, 81], "uv_size": [2, -1]}
							}
						},
						{
							"origin": [0.5, 19.5, 6],
							"size": [1, 3, 1],
							"uv": {
								"north": {"uv": [68, 100], "uv_size": [1, 3]},
								"east": {"uv": [70, 100], "uv_size": [1, 3]},
								"west": {"uv": [72, 100], "uv_size": [1, 3]},
								"down": {"uv": [29, 104], "uv_size": [1, -1]}
							}
						},
						{
							"origin": [0, 22.5, 6],
							"size": [2, 3, 1],
							"uv": {
								"north": {"uv": [12, 94], "uv_size": [2, 3]},
								"east": {"uv": [64, 100], "uv_size": [1, 3]},
								"west": {"uv": [66, 100], "uv_size": [1, 3]},
								"up": {"uv": [101, 63], "uv_size": [2, 1]},
								"down": {"uv": [101, 66], "uv_size": [2, -1]}
							}
						},
						{
							"origin": [-2.25, 18.5, 6],
							"size": [1, 4, 1],
							"uv": {
								"north": {"uv": [27, 87], "uv_size": [1, 4]},
								"east": {"uv": [33, 97], "uv_size": [1, 4]},
								"west": {"uv": [35, 97], "uv_size": [1, 4]},
								"down": {"uv": [27, 104], "uv_size": [1, -1]}
							}
						},
						{
							"origin": [-4.75, 20.5, 6],
							"size": [1, 2.5, 1],
							"pivot": [-4.75, 22.5, 6],
							"rotation": [0, 0, -22.5],
							"uv": {
								"north": {"uv": [21, 99], "uv_size": [1, 3]},
								"east": {"uv": [99, 43], "uv_size": [1, 3]},
								"south": {"uv": [99, 47], "uv_size": [1, 3]},
								"west": {"uv": [49, 99], "uv_size": [1, 3]}
							}
						},
						{
							"origin": [-5.25, 20.5, 6],
							"size": [1, 2.5, 1],
							"pivot": [-4.25, 22.5, 6],
							"rotation": [0, 0, 22.5],
							"uv": {
								"north": {"uv": [99, 51], "uv_size": [1, 3]},
								"east": {"uv": [99, 55], "uv_size": [1, 3]},
								"south": {"uv": [99, 59], "uv_size": [1, 3]},
								"west": {"uv": [99, 63], "uv_size": [1, 3]}
							}
						},
						{
							"origin": [3.5, 18, 6],
							"size": [1, 6, 1],
							"uv": {
								"north": {"uv": [74, 93], "uv_size": [1, 6]},
								"east": {"uv": [88, 93], "uv_size": [1, 6]},
								"west": {"uv": [93, 88], "uv_size": [1, 6]},
								"down": {"uv": [103, 15], "uv_size": [1, -1]}
							}
						}
					]
				},
				{
					"name": "vice",
					"parent": "bench",
					"pivot": [8, 0, -8],
					"cubes": [
						{
							"origin": [-6, 15, -9],
							"size": [3, 1, 3],
							"uv": {
								"north": {"uv": [100, 92], "uv_size": [3, 1]},
								"east": {"uv": [100, 99], "uv_size": [3, 1]},
								"south": {"uv": [2, 101], "uv_size": [3, 1]},
								"west": {"uv": [101, 2], "uv_size": [3, 1]},
								"up": {"uv": [51, 85], "uv_size": [3, 3]},
								"down": {"uv": [58, 88], "uv_size": [3, -3]}
							}
						},
						{
							"origin": [-6.5, 17, -10.875],
							"size": [4, 1, 1],
							"pivot": [-4.5, 17.5, -9.875],
							"rotation": [0, 0, 22.5],
							"uv": {
								"north": {"uv": [98, 41], "uv_size": [4, 1]},
								"east": {"uv": [103, 55], "uv_size": [1, 1]},
								"south": {"uv": [58, 98], "uv_size": [4, 1]},
								"west": {"uv": [103, 57], "uv_size": [1, 1]},
								"up": {"uv": [63, 98], "uv_size": [4, 1]},
								"down": {"uv": [68, 99], "uv_size": [4, -1]}
							}
						},
						{
							"origin": [-5, 16.125, -10.875],
							"size": [1, 1.75, 1.75],
							"pivot": [-5, 16, -9],
							"rotation": [-45, 0, 0],
							"uv": {
								"north": {"uv": [102, 31], "uv_size": [1, 2]},
								"east": {"uv": [98, 16], "uv_size": [2, 2]},
								"west": {"uv": [24, 98], "uv_size": [2, 2]},
								"up": {"uv": [33, 102], "uv_size": [1, 2]},
								"down": {"uv": [102, 36], "uv_size": [1, -2]}
							}
						},
						{
							"origin": [-5.5, 17, -6],
							"size": [2, 1, 3],
							"uv": {
								"east": {"uv": [41, 101], "uv_size": [3, 1]},
								"south": {"uv": [102, 85], "uv_size": [2, 1]},
								"west": {"uv": [101, 43], "uv_size": [3, 1]},
								"up": {"uv": [18, 95], "uv_size": [2, 3]},
								"down": {"uv": [21, 98], "uv_size": [2, -3]}
							}
						},
						{
							"origin": [-5.5, 15.75, -6.75],
							"size": [2, 1, 3.0625],
							"inflate": -0.001,
							"pivot": [-4.5, 16.75, -6.75],
							"rotation": [22.5, 0, 0],
							"uv": {
								"east": {"uv": [37, 101], "uv_size": [3, 1]},
								"south": {"uv": [102, 69], "uv_size": [2, 1]},
								"west": {"uv": [101, 39], "uv_size": [3, 1]},
								"down": {"uv": [95, 19], "uv_size": [2, -3]}
							}
						},
						{
							"origin": [-5.5, 17, -6.75],
							"size": [2, 2, 1],
							"uv": {
								"north": {"uv": [37, 98], "uv_size": [2, 2]},
								"east": {"uv": [35, 102], "uv_size": [1, 2]},
								"south": {"uv": [40, 98], "uv_size": [2, 2]},
								"west": {"uv": [76, 102], "uv_size": [1, 2]},
								"up": {"uv": [78, 102], "uv_size": [2, 1]}
							}
						},
						{
							"origin": [-5.5, 17, -8.75],
							"size": [2, 2, 1],
							"uv": {
								"north": {"uv": [43, 98], "uv_size": [2, 2]},
								"east": {"uv": [81, 102], "uv_size": [1, 2]},
								"south": {"uv": [46, 98], "uv_size": [2, 2]},
								"west": {"uv": [102, 82], "uv_size": [1, 2]},
								"up": {"uv": [83, 102], "uv_size": [2, 1]}
							}
						},
						{
							"origin": [-5.5, 16, -9],
							"size": [2, 1, 3],
							"uv": {
								"north": {"uv": [102, 67], "uv_size": [2, 1]},
								"east": {"uv": [101, 4], "uv_size": [3, 1]},
								"west": {"uv": [29, 101], "uv_size": [3, 1]},
								"up": {"uv": [15, 95], "uv_size": [2, 3]}
							}
						},
						{
							"origin": [-5, 12, -9],
							"size": [1, 3, 1],
							"uv": {
								"north": {"uv": [74, 100], "uv_size": [1, 3]},
								"east": {"uv": [94, 100], "uv_size": [1, 3]},
								"south": {"uv": [12, 101], "uv_size": [1, 3]},
								"west": {"uv": [14, 101], "uv_size": [1, 3]},
								"down": {"uv": [49, 104], "uv_size": [1, -1]}
							}
						},
						{
							"origin": [-5, 11, -8],
							"size": [1, 3, 1],
							"pivot": [-4.5, 12, -7.5],
							"rotation": [0, 45, 0],
							"uv": {
								"north": {"uv": [101, 14], "uv_size": [1, 3]},
								"east": {"uv": [16, 101], "uv_size": [1, 3]},
								"south": {"uv": [101, 18], "uv_size": [1, 3]},
								"west": {"uv": [23, 101], "uv_size": [1, 3]},
								"up": {"uv": [103, 49], "uv_size": [1, 1]}
							}
						},
						{
							"origin": [-5, 10, -9],
							"size": [1, 1, 3],
							"pivot": [-4.5, 12, -7.5],
							"rotation": [0, 45, 0],
							"uv": {
								"north": {"uv": [103, 59], "uv_size": [1, 1]},
								"east": {"uv": [45, 101], "uv_size": [3, 1]},
								"south": {"uv": [103, 61], "uv_size": [1, 1]},
								"west": {"uv": [101, 45], "uv_size": [3, 1]},
								"up": {"uv": [25, 101], "uv_size": [1, 3]},
								"down": {"uv": [101, 50], "uv_size": [1, -3]}
							}
						}
					]
				},
				{
					"name": "light_tube",
					"pivot": [-7, 29.75, 1.75],
					"cubes": [
						{
							"origin": [9, 29.25, 1.25],
							"size": [14, 1, 1],
							"pivot": [8, 29.75, 1.75],
							"rotation": [22.5, 0, 0],
							"uv": {
								"north": {"uv": [82, 67], "uv_size": [14, 1]},
								"east": {"uv": [98, 103], "uv_size": [1, 1]},
								"south": {"uv": [82, 69], "uv_size": [14, 1]},
								"west": {"uv": [100, 103], "uv_size": [1, 1]},
								"down": {"uv": [77, 83], "uv_size": [14, -1]}
							}
						},
						{
							"origin": [-7, 29.25, 1.25],
							"size": [14, 1, 1],
							"pivot": [8, 29.75, 1.75],
							"rotation": [22.5, 0, 0],
							"uv": {
								"north": {"uv": [80, 72], "uv_size": [14, 1]},
								"east": {"uv": [96, 103], "uv_size": [1, 1]},
								"south": {"uv": [80, 74], "uv_size": [14, 1]},
								"west": {"uv": [103, 96], "uv_size": [1, 1]},
								"down": {"uv": [77, 81], "uv_size": [14, -1]}
							}
						}
					]
				}
			]
		}
	]
}