{
  "ammo": "tac:762x39",
  "rpm": 37,
  "ammo_amount": 10,
  "reload": {
    "type": "magazine",
    "feed": {
      "empty": 2.85,
      "tactical": 2.05
    },
    "cooldown": {
      "empty": 3.25,
      "tactical": 2.25
    }
  },
  "draw_time": 0.35,
  "aim_time": 0.25,
  "fire_mode": [
    "semi"
  ],
  "recoil": {
    "pitch": [
      5,
      7
    ],
    "yaw": [
      -0.2,
      0.2
    ]
  },
  "inaccuracy": {
    "stand": 2,
    "move": 4,
    "sneak": 1,
    "lie": 0.5,
    "aim": 0.2
  }
}