{
	"format_version": "1.12.0",
	"minecraft:geometry": [
		{
			"description": {
				"identifier": "geometry.762x39",
				"texture_width": 16,
				"texture_height": 16,
				"visible_bounds_width": 2,
				"visible_bounds_height": 1.5,
				"visible_bounds_offset": [0, 0.25, 0]
			},
			"bones": [
				{
					"name": "762x39",
					"pivot": [1.15, 0, 0],
					"rotation": [0, 0, 90]
				},
				{
					"name": "head",
					"parent": "762x39",
					"pivot": [1.15, 0.78324, 0],
					"cubes": [
						{
							"origin": [0.99766, 0.64933, -0.15234],
							"size": [0.30468, 0.36563, 0.30468],
							"uv": {
								"north": {"uv": [5, 0], "uv_size": [0.125, 0.125]},
								"east": {"uv": [1, 5], "uv_size": [0.125, 0.125]},
								"south": {"uv": [5, 1], "uv_size": [0.125, 0.125]},
								"west": {"uv": [2, 5], "uv_size": [0.125, 0.125]},
								"up": {"uv": [5, 2], "uv_size": [0.125, 0.125]}
							}
						},
						{
							"origin": [1.02813, 1.01496, -0.12187],
							"size": [0.24374, 0.30469, 0.24374],
							"uv": {
								"north": {"uv": [1, 6], "uv_size": [0.125, 0.125]},
								"east": {"uv": [6, 1], "uv_size": [0.125, 0.125]},
								"south": {"uv": [2, 6], "uv_size": [0.125, 0.125]},
								"west": {"uv": [6, 2], "uv_size": [0.125, 0.125]},
								"up": {"uv": [3, 6], "uv_size": [0.125, 0.125]}
							}
						},
						{
							"origin": [1.05859, 1.31965, -0.09141],
							"size": [0.18282, 0.1371, 0.18282],
							"uv": {
								"north": {"uv": [4, 6], "uv_size": [0.125, 0.125]},
								"east": {"uv": [6, 4], "uv_size": [0.125, 0.125]},
								"south": {"uv": [5, 6], "uv_size": [0.125, 0.125]},
								"west": {"uv": [6, 5], "uv_size": [0.125, 0.125]},
								"up": {"uv": [6, 6], "uv_size": [0.125, 0.125]}
							}
						},
						{
							"origin": [1.10429, 1.44153, -0.0457],
							"size": [0.09141, 0.0914, 0.09141],
							"uv": {
								"north": {"uv": [7, 0], "uv_size": [0.125, 0.125]},
								"east": {"uv": [1, 7], "uv_size": [0.125, 0.125]},
								"south": {"uv": [7, 1], "uv_size": [0.125, 0.125]},
								"west": {"uv": [2, 7], "uv_size": [0.125, 0.125]},
								"up": {"uv": [7, 2], "uv_size": [0.125, 0.125]}
							}
						}
					]
				},
				{
					"name": "shell",
					"parent": "762x39",
					"pivot": [1.15, 0.78324, 0],
					"cubes": [
						{
							"origin": [0.90625, -0.97879, -0.24375],
							"size": [0.4875, 1.14532, 0.4875],
							"uv": {
								"north": {"uv": [0, 0], "uv_size": [0.25, 0.625]},
								"east": {"uv": [1, 0], "uv_size": [0.25, 0.625]},
								"south": {"uv": [0, 1.5], "uv_size": [0.25, 0.625]},
								"west": {"uv": [1, 1.5], "uv_size": [0.25, 0.625]},
								"up": {"uv": [2, 0], "uv_size": [0.25, 0.25]},
								"down": {"uv": [2, 1.25], "uv_size": [0.25, -0.25]}
							}
						},
						{
							"origin": [0.96718, 0.1634, -0.18281],
							"size": [0.36563, 0.48593, 0.36563],
							"inflate": 0.001,
							"uv": {
								"north": {"uv": [3, 2], "uv_size": [0.125, 0.125]},
								"east": {"uv": [3, 3], "uv_size": [0.125, 0.125]},
								"south": {"uv": [0, 4], "uv_size": [0.125, 0.125]},
								"west": {"uv": [4, 0], "uv_size": [0.125, 0.125]},
								"up": {"uv": [1, 4], "uv_size": [0.125, 0.125]}
							}
						},
						{
							"origin": [0.96718, 0.08213, -0.18052],
							"size": [0.36563, 0.24375, 0.12187],
							"pivot": [1.15, 0.28324, 0],
							"rotation": [-22.5, 0, 0],
							"uv": {
								"north": {"uv": [2, 4], "uv_size": [0.125, 0.125]},
								"east": {"uv": [4, 2], "uv_size": [0.125, 0.125]},
								"west": {"uv": [4, 3], "uv_size": [0.125, 0.125]}
							}
						},
						{
							"origin": [0.96718, 0.08213, 0.05865],
							"size": [0.36563, 0.24375, 0.12187],
							"pivot": [1.15, 0.28324, 0],
							"rotation": [22.5, 0, 0],
							"uv": {
								"east": {"uv": [4, 5], "uv_size": [0.125, 0.125]},
								"south": {"uv": [5, 4], "uv_size": [0.125, 0.125]},
								"west": {"uv": [5, 5], "uv_size": [0.125, 0.125]}
							}
						},
						{
							"origin": [0.96948, 0.08213, -0.18281],
							"size": [0.12187, 0.24375, 0.36563],
							"pivot": [1.15, 0.28324, 0],
							"rotation": [0, 0, 22.5],
							"uv": {
								"north": {"uv": [7, 3], "uv_size": [0.125, 0.125]},
								"east": {"uv": [4, 7], "uv_size": [0.125, 0.125]},
								"south": {"uv": [7, 4], "uv_size": [0.125, 0.125]}
							}
						},
						{
							"origin": [1.20865, 0.08213, -0.18281],
							"size": [0.12187, 0.24375, 0.36563],
							"pivot": [1.15, 0.28324, 0],
							"rotation": [0, 0, -22.5],
							"uv": {
								"north": {"uv": [7, 6], "uv_size": [0.125, 0.125]},
								"south": {"uv": [0, 8], "uv_size": [0.125, 0.125]},
								"west": {"uv": [8, 0], "uv_size": [0.125, 0.125]}
							}
						},
						{
							"origin": [0.90625, -1.1616, -0.24375],
							"size": [0.4875, 0.0914, 0.4875],
							"uv": {
								"north": {"uv": [3, 0], "uv_size": [0.25, 0.125]},
								"east": {"uv": [1, 3], "uv_size": [0.25, 0.125]},
								"south": {"uv": [3, 1], "uv_size": [0.25, 0.125]},
								"west": {"uv": [2, 3], "uv_size": [0.25, 0.125]},
								"up": {"uv": [2, 2], "uv_size": [0.25, 0.25]},
								"down": {"uv": [0, 3.25], "uv_size": [0.25, -0.25]}
							}
						},
						{
							"origin": [0.96718, -1.10067, -0.18281],
							"size": [0.36563, 0.12188, 0.36563],
							"uv": {
								"north": {"uv": [2, 8], "uv_size": [0.125, 0.125]},
								"east": {"uv": [8, 2], "uv_size": [0.125, 0.125]},
								"south": {"uv": [3, 8], "uv_size": [0.125, 0.125]},
								"west": {"uv": [8, 3], "uv_size": [0.125, 0.125]}
							}
						}
					]
				}
			]
		}
	]
}