{
  "model": "tac:gun/ai_awp_geo",
  "textures": [
    {
      "id": "default",
      "location": "tac:gun/uv/ai_awp"
    }
  ],
  "hud": "tac:gun/hud/ai_awp",
  "slot": "tac:gun/slot/ai_awp",
  "animation": "tac:ai_awp",
  "transform": {
    "scale": {
      // 第三人称手部
      "thirdperson": [0.45, 0.45, 0.4],
      // 地面实体
      "ground": [0.45, 0.45, 0.4],
      // 展示框
      "fixed": [0.6, 0.6, 0.6]
    }
  },
  "ica": {
    "iron_view": {
      "translation": [0.15, 0.1, 0.4],
      "rotation": [0.15, 0.1, 0.1]
    },
    "scope_view": {
      "rotation": [0.1, 0.2, 0.2]
    }
  }
}