{
    // 调用的模型，在包目录下的 models 文件夹中寻找，不可为空
    "model": "tac:gun/ak47_geo",
    // 调用的材质列表，用于加载模型材质、模型换肤，不可为空
    "textures": [
        {
            // 材质的识别名，default为必须存在，否则枪械加载失败
            // default材质将作为默认材质在渲染时调用
            "id": "default",
            // 调用的材质的路径，会在包目录下的 textures 文件夹中寻找
            "location": "tac:gun/uv/ak47",
            // 该材质的显示名，要支持本地化
            "name": "tac.texture.ak47.default.name"
        },
        {
            // 材质的识别名
            "id": "blue",
            // 调用的材质的路径，会在包目录下的 textures 文件夹中寻找
            "location": "gun/uv/ak47_blue",
            // 该材质的显示名，要支持本地化
            "name": "tac.texture.ak47.blue.name"
        }
    ],
    // GUI/HUD 界面的 2D 材质，在包目录下的 textures 文件夹中寻找，可为空，若为空，则对应位置不会渲染
    "hud": "tac:gun/hud/ak47",
    // 背包/快捷栏等容器中槽位显示的 2D 材质，在包目录下的 textures 文件夹中寻找，不建议为空
    "slot": "tac:gun/slot/ak47",
    // 调用的动画名，会在包目录下的 animations 文件夹中寻找，不建议为空
    "animation": "tac:ak47",
    // 调整各个视角下模型的变换参数，可为空
    "transform": {
        // 暂时只有缩放需要在这里指定，旋转和位移使用模型内定位组。
        // 可以为空，若为空，则不缩放模型。
        "scale": {
            // 第三人称手部
            "thirdperson": [0.45, 0.45, 0.45],
            // 地面实体
            "ground": [0.45, 0.45, 0.45],
            // 展示框
            "fixed": [0.6, 0.6, 0.6]
        }
    },
    // 抛壳的渲染数据，可为空，若为空，则枪械不抛壳
    "shell": {
        // 抛壳的运动速度
        "velocity": [8.0, 1.0, -0.5],
        // 抛壳随机变化的运动速度，乘 -1~1 后与上面的固定速度叠加
        "random_velocity": [0.0, 1.5, 0.0],
        // 抛壳的三轴角速度
        "angular_velocity": [45.0, -90.0, 15.0],
        // 抛壳渲染存活时间，单位为秒
        "living_time": 1.0
    },
    // 枪械音效，在包目录下 sounds 文件夹内寻找，不建议为空
    "sounds": {
        "shoot": "tac:ak47_shoot",
        "reload": "tac:ak47_reload",
        "inspect": "tac:ak47_inspect",
        "draw": "tac:ak47_draw"
    },
    // Influence Coefficient of Animation 的缩写，可为空，若为空则填入默认值。
    // 表示各个第一人称定位（如机瞄摄像机定位、开镜摄像机定位）下 动画的影响系数
    // 具体细节请参阅 tac 动画说明文档
    "ica": {
        // 机瞄视角下的动画影响系数，可为空，默认全部为 0.2。以下任意数值未填都默认 0.2。
        // 可定义的值有 translation、rotation
        "iron_view": {
            "translation": [0.15, 0.05, 0.4],
            "rotation": [0.15, 0.1, 0.1]
        },
        // 瞄具视角下的动画影响系数，可为空，默认全部为 0.2。以下任意数值未填都默认 0.2。
        // 可定义的值有 translation、rotation
        "scope_view": {
            "translation": [0.2, 0.2, 0.2],
            "rotation": [0.2, 0.2, 0.2]
        }
    }
}