{
  "model": "tac:gun/glock_17_geo",
  "textures": [
    {
      "id": "default",
      "location": "tac:gun/uv/glock_17"
    }
  ],
  "hud": "tac:gun/hud/glock_17",
  "slot": "tac:gun/slot/glock_17",
  "animation": "tac:glock_17",
  "transform": {
    "scale": {
      "thirdperson": [
        0.375,
        0.375,
        0.375
      ],
      "ground": [
        0.375,
        0.375,
        0.375
      ],
      "fixed": [
        0.4,
        0.4,
        0.4
      ]
    }
  },
  "ica": {
    "iron_view": {
      "translation": [0.3, 0.2, 0.4],
      "rotation": [0.3, 0.4, 0.3]
    },
    "scope_view": {
      "translation": [0.5, 0.5, 0.5],
      "rotation": [0.5, 0.5, 0.5]
    }
  }
}